[
    {
      "folio": "001",
      "permisos": ["Dynamics AX", "SICOP"]
    },
    {
      "folio": "002",
      "permisos": ["Fortio", "ODI"]
    },
    {
      "folio": "003",
      "permisos": ["SICOP", "ODI", "Dynamics AX"]
    },
    {
      "folio": "004",
      "permisos": ["Dynamics AX"]
    },
    {
      "folio": "005",
      "permisos": ["Fortio", "Dynamics AX"]
    },
    {
      "folio": "006",
      "permisos": ["ODI", "SICOP"]
    },
    {
      "folio": "007",
      "permisos": ["Dynamics AX", "Fortio"]
    },
    {
      "folio": "008",
      "permisos": ["SICOP"]
    },
    {
      "folio": "009",
      "permisos": ["Fortio", "ODI", "Dynamics AX"]
    },
    {
      "folio": "010",
      "permisos": ["SICOP", "Fortio"]
    },
    {
      "folio": "011",
      "permisos": ["ODI", "Dynamics AX"]
    },
    {
      "folio": "012",
      "permisos": ["Fortio"]
    },
    {
      "folio": "013",
      "permisos": ["SICOP", "ODI"]
    },
    {
      "folio": "014",
      "permisos": ["Dynamics AX", "SICOP"]
    },
    {
      "folio": "015",
      "permisos": ["Fortio", "Dynamics AX"]
    },
    {
      "folio": "016",
      "permisos": ["SICOP", "ODI"]
    },
    {
      "folio": "017",
      "permisos": ["ODI", "Dynamics AX"]
    },
    {
      "folio": "018",
      "permisos": ["Fortio", "SICOP"]
    },
    {
      "folio": "019",
      "permisos": ["Dynamics AX", "ODI"]
    }
  ]
  