[
  {
    "folio": "001",
    "title": "Cristhian Rodrigo Hernandez",
    "correo": "cristhian.hernandez@tubacero.com",
    "extension": "1001",
    "equipos": [
      {
        "tipo": "Laptop",
        "numero_serie": "LAP123456",
        "modelo": "ThinkPad X1",
        "marca": "Lenovo"
      },
      {
        "tipo": "Monitor",
        "numero_serie": "M-001",
        "modelo": "LG UltraFine 5K",
        "marca": "LG"
      },
      {
        "tipo": "Movil",
        "numero_serie": "MOV789012",
        "modelo": "iPhone 13",
        "marca": "Apple"
      }
    ]
  },
  {
    "folio": "002",
    "title": "Nallely Medina Acosta",
    "correo": "nallely.medina@tubacero.com",
    "extension": "1002",
    "equipos": [
      {
        "tipo": "Monitor",
        "numero_serie": "MON654321",
        "modelo": "UltraSharp",
        "marca": "Dell"
      }
    ]
  },
  {
    "folio": "003",
    "title": "Rolando Espinosa",
    "correo": "rolando.espinosa@tubacero.com",
    "extension": "1003",
    "equipos": [
      {
        "tipo": "PC",
        "numero_serie": "PC789012",
        "modelo": "OptiPlex 7070",
        "marca": "Dell"
      }
    ]
  },
  {
    "folio": "004",
    "title": "Ana María López",
    "correo": "ana.lopez@tubacero.com",
    "extension": "1004",
    "equipos": [
      {
        "tipo": "Movil",
        "numero_serie": "MOV345678",
        "modelo": "iPhone 12",
        "marca": "Apple"
      }
    ]
  },
  {
    "folio": "005",
    "title": "Juan Carlos Pérez",
    "correo": "juan.perez@tubacero.com",
    "extension": "1005",
    "equipos": [
      {
        "tipo": "Laptop",
        "numero_serie": "LAP234567",
        "modelo": "MacBook Pro",
        "marca": "Apple"
      }
    ]
  },
  {
    "folio": "006",
    "title": "Laura González",
    "correo": "laura.gonzalez@tubacero.com",
    "extension": "1006",
    "equipos": [
      {
        "tipo": "Monitor",
        "numero_serie": "MON123456",
        "modelo": "Pavilion",
        "marca": "HP"
      }
    ]
  },
  {
    "folio": "007",
    "title": "Carlos Martínez",
    "correo": "carlos.martinez@tubacero.com",
    "extension": "1007",
    "equipos": [
      {
        "tipo": "PC",
        "numero_serie": "PC456789",
        "modelo": "EliteDesk 800",
        "marca": "HP"
      }
    ]
  },
  {
    "folio": "008",
    "title": "María Fernanda Torres",
    "correo": "maria.torres@tubacero.com",
    "extension": "1008",
    "equipos": [
      {
        "tipo": "Movil",
        "numero_serie": "MOV567890",
        "modelo": "Galaxy S21",
        "marca": "Samsung"
      }
    ]
  },
  {
    "folio": "009",
    "title": "Luis Alberto Gómez",
    "correo": "luis.gomez@tubacero.com",
    "extension": "1009",
    "equipos": [
      {
        "tipo": "Laptop",
        "numero_serie": "LAP345678",
        "modelo": "Latitude 7420",
        "marca": "Dell"
      }
    ]
  },
  {
    "folio": "010",
    "title": "Patricia Ramírez",
    "correo": "patricia.ramirez@tubacero.com",
    "extension": "1010",
    "equipos": [
      {
        "tipo": "Monitor",
        "numero_serie": "MON234567",
        "modelo": "ProDisplay",
        "marca": "HP"
      }
    ]
  },
  {
    "folio": "011",
    "title": "Jorge Sánchez",
    "correo": "jorge.sanchez@tubacero.com",
    "extension": "1011",
    "equipos": [
      {
        "tipo": "PC",
        "numero_serie": "PC678901",
        "modelo": "ThinkCentre M720",
        "marca": "Lenovo"
      }
    ]
  },
  {
    "folio": "012",
    "title": "Gabriela Castillo",
    "correo": "gabriela.castillo@tubacero.com",
    "extension": "1012",
    "equipos": [
      {
        "tipo": "Movil",
        "numero_serie": "MOV678901",
        "modelo": "Pixel 5",
        "marca": "Google"
      }
    ]
  },
  {
    "folio": "013",
    "title": "Miguel Ángel Ruiz",
    "correo": "miguel.ruiz@tubacero.com",
    "extension": "1013",
    "equipos": [
      {
        "tipo": "Laptop",
        "numero_serie": "LAP456789",
        "modelo": "Surface Laptop 4",
        "marca": "Microsoft"
      }
    ]
  },
  {
    "folio": "014",
    "title": "Verónica Morales",
    "correo": "veronica.morales@tubacero.com",
    "extension": "1014",
    "equipos": [
      {
        "tipo": "Monitor",
        "numero_serie": "MON345678",
        "modelo": "UltraFine",
        "marca": "LG"
      }
    ]
  },
  {
    "folio": "015",
    "title": "Fernando Pérez",
    "correo": "fernando.perez@tubacero.com",
    "extension": "1015",
    "equipos": [
      {
        "tipo": "PC",
        "numero_serie": "PC789013",
        "modelo": "Precision 3640",
        "marca": "Dell"
      }
    ]
  },
  {
    "folio": "016",
    "title": "Isabel Hernández",
    "correo": "isabel.hernandez@tubacero.com",
    "extension": "1016",
    "equipos": [
      {
        "tipo": "Movil",
        "numero_serie": "MOV789013",
        "modelo": "iPhone 13",
        "marca": "Apple"
      }
    ]
  },
  {
    "folio": "017",
    "title": "Ricardo López",
    "correo": "ricardo.lopez@tubacero.com",
    "extension": "1017",
    "equipos": [
      {
        "tipo": "Laptop",
        "numero_serie": "LAP567890",
        "modelo": "XPS 13",
        "marca": "Dell"
      }
    ]
  },
  {
    "folio": "018",
    "title": "Sofía Jiménez",
    "correo": "sofia.jimenez@tubacero.com",
    "extension": "1018",
    "equipos": []
  },
  {
    "folio": "019",
    "title": "Andrés Ramírez",
    "correo": "andres.ramirez@tubacero.com",
    "extension": "1019",
    "equipos": [
      {
        "tipo": "Laptop",
        "numero_serie": "T-001",
        "modelo": "Logitech K810",
        "marca": "Logitech"
      }
    ]
  }
]
