[
    { "folio": "001", "avatar": "https://mdbcdn.b-cdn.net/img/Photos/Avatars/img%20(21).webp", "sexo": "H", "title": "Cristhian Rodrigo Hernandez", "puesto": "Development", "fechaNacimiento": "1990-01-15", "direccion": "Calle Falsa 123, Ciudad", "correo": "cristhian.hernandez@example.com", "contacto": "555-1234", "departamento": "IT", "jefe": "Juan Pérez", "horario": "9:00-18:00", "isComputer": "false"},
    { "folio": "002", "avatar": "https://mdbcdn.b-cdn.net/img/Photos/Avatars/img%20(22).webp", "sexo": "M", "title": "Nallely Medina Acosta", "puesto": "Supervisor Calidad", "fechaNacimiento": "1985-03-22", "direccion": "Avenida Siempre Viva 456, Ciudad", "correo": "nallely.medina@example.com", "contacto": "555-5678", "departamento": "Calidad", "jefe": "Ana López", "horario": "8:00-17:00", "isComputer": "true"},
    { "folio": "003", "avatar": "https://mdbcdn.b-cdn.net/img/Photos/Avatars/img%20(27).webp","sexo": "H", "title": "Rolando Espinosa", "puesto": "Analista de ciberseguridad", "fechaNacimiento": "1992-07-30", "direccion": "Calle del Sol 789, Ciudad", "correo": "rolando.espinosa@example.com", "contacto": "555-8765", "departamento": "Seguridad", "jefe": "Carlos Martínez", "horario": "10:00-19:00", "isComputer": "true" },
    { "folio": "004", "avatar": "https://mdbcdn.b-cdn.net/img/Photos/Avatars/img%20(2).webp", "sexo": "M", "title": "Ana María López", "puesto": "Recursos Humanos", "fechaNacimiento": "1988-11-12", "direccion": "Calle Luna 101, Ciudad", "correo": "ana.lopez@example.com", "contacto": "555-4321", "departamento": "Recursos Humanos", "jefe": "Laura González", "horario": "9:00-18:00", "isComputer": "true"},
    { "folio": "005", "avatar": "https://mdbcdn.b-cdn.net/img/Photos/Avatars/img%20(3).webp", "sexo": "H", "title": "Juan Carlos Pérez", "puesto": "Marketing", "fechaNacimiento": "1991-05-25", "direccion": "Avenida Estrella 202, Ciudad", "correo": "juan.perez@example.com", "contacto": "555-6789", "departamento": "Marketing", "jefe": "Luis Gómez", "horario": "8:00-17:00", "isComputer": "true"},
    { "folio": "006", "avatar": "https://mdbcdn.b-cdn.net/img/Photos/Avatars/img%20(4).webp", "sexo": "M", "title": "Laura González", "puesto": "Finanzas", "fechaNacimiento": "1983-09-14", "direccion": "Calle Cometa 303, Ciudad", "correo": "laura.gonzalez@example.com", "contacto": "555-9876", "departamento": "Finanzas", "jefe": "Patricia Ramírez", "horario": "9:00-18:00", "isComputer": "false"},
    { "folio": "007", "avatar": "https://mdbcdn.b-cdn.net/img/Photos/Avatars/img%20(5).webp", "sexo": "H", "title": "Carlos Martínez", "puesto": "Ventas", "fechaNacimiento": "1987-02-18", "direccion": "Avenida Planeta 404, Ciudad", "correo": "carlos.martinez@example.com", "contacto": "555-5432", "departamento": "Ventas", "jefe": "Jorge Sánchez", "horario": "10:00-19:00", "isComputer": "false" },
    { "folio": "008", "avatar": "https://mdbcdn.b-cdn.net/img/Photos/Avatars/img%20(6).webp", "sexo": "M", "title": "María Fernanda Torres", "puesto": "Atención al Cliente", "fechaNacimiento": "1993-06-07", "direccion": "Calle Universo 505, Ciudad", "correo": "maria.torres@example.com", "contacto": "555-6543", "departamento": "Atención al Cliente", "jefe": "Gabriela Castillo", "horario": "8:00-17:00", "isComputer": "true"},
    { "folio": "009", "avatar": "https://mdbcdn.b-cdn.net/img/Photos/Avatars/img%20(7).webp", "sexo": "H", "title": "Luis Alberto Gómez", "puesto": "Logística", "fechaNacimiento": "1989-12-21", "direccion": "Avenida Galaxia 606, Ciudad", "correo": "luis.gomez@example.com", "contacto": "555-7654", "departamento": "Logística", "jefe": "Miguel Ángel Ruiz", "horario": "9:00-18:00", "isComputer": "true"},
    { "folio": "010", "avatar": "https://mdbcdn.b-cdn.net/img/Photos/Avatars/img%20(8).webp", "sexo": "M", "title": "Patricia Ramírez", "puesto": "Compras", "fechaNacimiento": "1984-04-10", "direccion": "Calle Estrella 707, Ciudad", "correo": "patricia.ramirez@example.com", "contacto": "555-8765", "departamento": "Compras", "jefe": "Verónica Morales", "horario": "8:00-17:00", "isComputer": "true"},
    { "folio": "011", "avatar": "https://mdbcdn.b-cdn.net/img/Photos/Avatars/img%20(9).webp", "sexo": "H", "title": "Jorge Sánchez", "puesto": "Producción", "fechaNacimiento": "1990-08-15", "direccion": "Avenida Sol 808, Ciudad", "correo": "jorge.sanchez@example.com", "contacto": "555-9876", "departamento": "Producción", "jefe": "Fernando Pérez", "horario": "9:00-18:00", "isComputer": "false"},
    { "folio": "012", "avatar": "https://mdbcdn.b-cdn.net/img/Photos/Avatars/img%20(10).webp", "sexo": "M", "title": "Gabriela Castillo", "puesto": "Diseño", "fechaNacimiento": "1986-01-30", "direccion": "Calle Luna 909, Ciudad", "correo": "gabriela.castillo@example.com", "contacto": "555-5432", "departamento": "Diseño", "jefe": "Isabel Hernández", "horario": "10:00-19:00", "isComputer": "true" },
    { "folio": "013", "avatar": "https://mdbcdn.b-cdn.net/img/Photos/Avatars/img%20(11).webp", "sexo": "H", "title": "Miguel Ángel Ruiz", "puesto": "Mantenimiento", "fechaNacimiento": "1982-03-25", "direccion": "Avenida Estrella 1010, Ciudad", "correo": "miguel.ruiz@example.com", "contacto": "555-6543", "departamento": "Mantenimiento", "jefe": "Ricardo López", "horario": "8:00-17:00", "isComputer": "true"},
    { "folio": "014", "avatar": "https://mdbcdn.b-cdn.net/img/Photos/Avatars/img%20(12).webp", "sexo": "M", "title": "Verónica Morales", "puesto": "Legal", "fechaNacimiento": "1994-07-14", "direccion": "Calle Cometa 1111, Ciudad", "correo": "veronica.morales@example.com", "contacto": "555-7654", "departamento": "Legal", "jefe": "Sofía Jiménez", "horario": "9:00-18:00", "isComputer": "true"},
    { "folio": "015", "avatar": "https://mdbcdn.b-cdn.net/img/Photos/Avatars/img%20(13).webp", "sexo": "H", "title": "Fernando Pérez", "puesto": "Investigación y Desarrollo", "fechaNacimiento": "1985-11-05", "direccion": "Avenida Planeta 1212, Ciudad", "correo": "fernando.perez@example.com", "contacto": "555-8765", "departamento": "Investigación y Desarrollo", "jefe": "Andrés Ramírez", "horario": "10:00-19:00", "isComputer": "true" },
    { "folio": "016", "avatar": "https://mdbcdn.b-cdn.net/img/Photos/Avatars/img%20(14).webp", "sexo": "M", "title": "Isabel Hernández", "puesto": "Comunicación", "fechaNacimiento": "1991-02-28", "direccion": "Calle Universo 1313, Ciudad", "correo": "isabel.hernandez@example.com", "contacto": "555-9876", "departamento": "Comunicación", "jefe": "Lucía Fernández", "horario": "8:00-17:00", "isComputer": "true"},
    { "folio": "017", "avatar": "https://mdbcdn.b-cdn.net/img/Photos/Avatars/img%20(15).webp", "sexo": "H", "title": "Ricardo López", "puesto": "Operaciones", "fechaNacimiento": "1988-06-19", "direccion": "Avenida Galaxia 1414, Ciudad", "correo": "ricardo.lopez@example.com", "contacto": "555-5432", "departamento": "Operaciones", "jefe": "Patricia Ramírez", "horario": "9:00-18:00", "isComputer": "true"},
    { "folio": "018", "avatar": "https://mdbcdn.b-cdn.net/img/Photos/Avatars/img%20(16).webp", "sexo": "M", "title": "Sofía Jiménez", "puesto": "Planificación", "fechaNacimiento": "1992-10-23", "direccion": "Calle Estrella 1515, Ciudad", "correo": "sofia.jimenez@example.com", "contacto": "555-6543", "departamento": "Planificación", "jefe": "Jorge Sánchez", "horario": "10:00-19:00", "isComputer": "false" },
    { "folio": "019", "avatar": "https://mdbcdn.b-cdn.net/img/Photos/Avatars/img%20(3).webp", "sexo": "H", "title": "Andrés Ramírez", "puesto": "Control de Calidad", "fechaNacimiento": "1987-12-12", "direccion": "Avenida Sol 1616, Ciudad", "correo": "andres.ramirez@example.com", "contacto": "555-6543", "departamento": "Planificación", "jefe": "Jorge Sánchez", "horario": "10:00-19:00", "isComputer": "true" }
]